,genre
0, pop
1, dance pop
2, pop rap
3, rap
4, tropical house
5, post-teen pop
6, rock
7, trap music
8, hip hop
9, southern hip hop
10, latin
11, pop rock
12, dwn trap
13, edm
14, neo mellow
15, alternative rock
16, r&b
17, classic rock
18, latin pop
19, album rock
20, indie pop
21, alternative metal
22, indie rock
23, mellow gold
24, post-grunge
25, viral pop
26, hard rock
27, singer-songwriter
28, indie r&b
29, pop punk
30, folk-pop
31, soft rock
32, tropical
33, reggaeton
34, indie folk
35, indietronica
36, electro house
37, nu metal
38, permanent wave
39, canadian pop
40, gangster rap
41, indie poptimism
42, urban contemporary
43, contemporary country
44, hip pop
45, country road
46, country
47, garage rock
48, folk rock
49, house
50, big room
51, latin hip hop
52, rap metal
53, rock en espanol
54, stomp and holler
55, funk rock
56, soul
57, dirty south rap
58, chamber pop
59, grupera
60, europop
61, underground hip hop
62, regional mexican
63, modern country rock
64, blues-rock
65, roots rock
66, synthpop
67, dance rock
68, alternative dance
69, new wave pop
70, neo soul
71, adult standards
72, emo
73, progressive house
74, west coast rap
75, new wave
76, classic funk rock
77, banda
78, quiet storm
79, latin alternative
80, neo-psychedelic
81, new rave
82, psychedelic rock
83, norteno
84, deep big room
85, spanish pop
86, progressive electro house
87, art rock
88, rap rock
89, trap latino
90, funk
91, teen pop
92, motown
93, shimmer pop
94, electronic
95, metal
96, deep pop r&b
97, deep indie r&b
98, brostep
99, deep tropical house
100, crunk
101, regional mexican pop
102, screamo
103, reggaeton flow
104, escape room
105, electronic trap
106, punk
107, new romantic
108, disco
109, pixie
110, swedish pop
111, acoustic pop
112, new americana
113, indie anthem-folk
114, pop reggaeton
115, metropopolis
116, metalcore
117, vapor soul
118, focus
119, hardcore hip hop
120, deep german hip hop
121, trap francais
122, jazz blues
123, brill building pop
124, deep funk carioca
125, folk
126, francoton
127, bass trap
128, swedish idol pop
129, southern rock
130, east coast hip hop
131, freak folk
132, chillwave
133, christian alternative rock
134, talent show
135, german hip hop
136, vocal jazz
137, groove metal
138, dance-punk
139, modern blues
140, ranchera
141, piano rock
142, worship
143, hollywood
144, soundtrack
145, boy band
146, g funk
147, lo-fi
148, british blues
149, redneck
150, soul blues
151, country rock
152, new jack swing
153, rock-and-roll
154, christian music
155, vegas indie
156, argentine rock
157, memphis soul
158, ccm
159, protopunk
160, noise pop
161, moombahton
162, deep underground hip hop
163, glam metal
164, deep pop edm
165, detroit hip hop
166, mpb
167, southern soul
168, sertanejo universitario
169, electric blues
170, cantautor
171, compositional ambient
172, german pop
173, traditional folk
174, melodic metalcore
175, britpop
176, outlaw country
177, christian rock
178, downtempo
179, deep dutch hip hop
180, underground pop rap
181, cumbia pop
182, dream pop
183, k-pop
184, complextro
185, alternative hip hop
186, korean pop
187, glam rock
188, chicago soul
189, tracestep
190, deep australian indie
191, funk metal
192, traditional country
193, grunge
194, pop emo
195, british invasion
196, deep german pop rock
197, indiecoustica
198, deep groove house
199, australian dance
200, trip hop
201, vapor twitch
202, grime
203, anthem worship
204, speed metal
205, scorecore
206, pagode
207, disco house
208, italian arena pop
209, italian pop
210, melancholia
211, classical
212, channel pop
213, indie psych-rock
214, catstep
215, lilith
216, anti-folk
217, samba
218, mariachi
219, reggae fusion
220, swedish folk pop
221, skate punk
222, minimal dub
223, slow core
224, roots reggae
225, video game music
226, cumbia
227, bubblegum pop
228, nu gaze
229, australian alternative rock
230, la indie
231, rockabilly
232, deep trap
233, duranguense
234, jazz
235, texas country
236, german techno
237, symphonic rock
238, chillhop
239, dancehall
240, bachata
241, progressive metal
242, alt-indie rock
243, bossa nova
244, reggae
245, candy pop
246, otacore
247, lift kit
248, french pop
249, nu jazz
250, madchester
251, merseybeat
252, romantic
253, comic
254, deep latin hip hop
255, progressive rock
256, space rock
257, power metal
258, classify
259, deep danish pop
260, alternative country
261, danish pop
262, etherpop
263, hoerspiel
264, uk funky
265, thrash metal
266, spanish rock
267, sky room
268, sertanejo
269, jam band
270, eurodance
271, trance
272, deep cumbia sonidera
273, nashville sound
274, mandopop
275, swedish indie rock
276, finnish dance pop
277, lounge
278, taiwanese pop
279, deep southern trap
280, brazilian hip hop
281, industrial metal
282, french hip hop
283, chamber psych
284, jazz funk
285, bolero
286, deep euro house
287, bow pop
288, swedish alternative rock
289, post-punk
290, deep taiwanese pop
291, shiver pop
292, turkish pop
293, alternative emo
294, progressive trance
295, cool jazz
296, bubblegum dance
297, forro
298, finnish pop
299, salsa
300, c-pop
301, show tunes
302, world worship
303, filter house
304, nueva cancion
305, preverb
306, country dawn
307, punk blues
308, brooklyn indie
309, post-screamo
310, cabaret
311, merengue
312, power pop
313, minimal
314, opm
315, swedish eurodance
316, uk post-punk
317, vocal house
318, danspunk
319, indie garage rock
320, deep new americana
321, axe
322, chanson
323, melodic death metal
324, industrial rock
325, jazz fusion
326, deep regional mexican
327, italian hip hop
328, modern classical
329, garage psych
330, classic swedish pop
331, turkish rock
332, bebop
333, post rock
334, spanish pop rock
335, deep swedish hip hop
336, irish rock
337, dutch pop
338, movie tunes
339, post-disco
340, contemporary post-bop
341, west coast trap
342, swedish hip hop
343, ninja
344, texas blues
345, cantopop
346, blues
347, dutch house
348, anthem emo
349, norwegian pop
350, chillstep
351, minimal techno
352, chilean rock
353, canadian indie
354, experimental rock
355, dutch hip hop
356, acid jazz
357, wrestling
358, melodic hardcore
359, easy listening
360, fourth world
361, progressive bluegrass
362, microhouse
363, big beat
364, norwegian indie
365, hip house
366, post-hardcore
367, vallenato
368, rock gaucho
369, broadway
370, tech house
371, indonesian pop
372, traditional blues
373, electro latino
374, dreamo
375, noise rock
376, aussietronica
377, french rock
378, soul jazz
379, antiviral pop
380, sheffield indie
381, australian pop
382, country blues
383, french indie pop
384, swedish indie pop
385, uplifting trance
386, uk garage
387, latin christian
388, french indietronica
389, hard bop
390, swing
391, country gospel
392, ambient
393, azontobeats
394, russelater
395, reggae rock
396, lovers rock
397, electro swing
398, mexican indie
399, epicore
400, french reggae
401, neo classical metal
402, new age
403, zapstep
404, celtic rock
405, turntablism
406, death metal
407, latin jazz
408, industrial
409, stoner rock
410, nu disco
411, indie rockism
412, latin metal
413, ska
414, classic norwegian pop
415, deep melodic euro house
416, indie punk
417, gauze pop
418, deep funk
419, swedish synthpop
420, hyphy
421, gothic metal
422, progressive post-hardcore
423, merengue urbano
424, electro
425, german metal
426, deep chiptune
427, drum and bass
428, flamenco
429, death core
430, german pop rock
431, suomi rock
432, pinoy alternative
433, canadian metal
434, memphis blues
435, ska punk
436, brazilian gospel
437, anime
438, chicago blues
439, drill
440, christian uplift
441, cumbia villera
442, christian hip hop
443, experimental
444, stomp pop
445, turkish jazz
446, stride
447, world
448, deep ccm
449, dub
450, smooth jazz
451, j-pop
452, trova
453, old school hip hop
454, neue deutsche harte
455, hardcore punk
456, pub rock
457, louvor
458, afrobeats
459, indie jazz
460, new orleans blues
461, spanish indie pop
462, big band
463, comedy
464, mambo
465, baroque
466, icelandic pop
467, acoustic blues
468, pop house
469, electroclash
470, deep texas country
471, delta blues
472, shoegaze
473, deep disco house
474, new weird america
475, deep swedish indie pop
476, djent
477, cowboy western
478, cumbia sonidera
479, turkish folk
480, gospel
481, finnish hip hop
482, classical period
483, symphonic metal
484, swedish metal
485, wonky
486, norwegian rock
487, minimal tech house
488, melbourne bounce
489, indonesian indie
490, vaporwave
491, groove room
492, relaxative
493, stoner metal
494, tejano
495, nwobhm
496, piedmont blues
497, sleep
498, j-rock
499, dansband
500, desi
501, filthstep
502, drone
503, bass music
504, liquid funk
505, argentine reggae
506, gothic symphonic metal
507, doo-wop
508, celtic
509, christian relaxative
510, hardstyle
511, alternative r&b
512, spanish punk
513, indian pop
514, meditation
515, boogaloo
516, memphis hip hop
517, afrobeat
518, chicano rap
519, cubaton
520, operatic pop
521, dangdut
522, louisiana blues
523, viking metal
524, polish pop
525, schlager
526, contemporary jazz
527, future garage
528, british folk
529, danish pop rock
530, deep hardstyle
531, desi hip hop
532, hands up
533, spanish hip hop
534, crossover thrash
535, underground rap
536, k-hop
537, healing
538, intelligent dance music
539, classic danish pop
540, a cappella
541, boston rock
542, german indie
543, environmental
544, children’s music
545, rumba
546, deep house
547, norwegian hip hop
548, glitch hop
549, arabesk
550, velha guarda
551, vapor pop
552, mathcore
553, jangle pop
554, opera
555, levenslied
556, australian hip hop
557, folk punk
558, northern soul
559, azonto
560, electropowerpop
561, sludge metal
562, alternative pop rock
563, abstract hip hop
564, brazilian indie
565, swamp blues
566, nu-cumbia
567, retro electro
568, zolo
569, jump blues
570, spanish new wave
571, filmi
572, coverchill
573, jazz metal
574, liedermacher
575, piano blues
576, danseband
577, neoclassical
578, sleaze rock
579, fingerstyle
580, eurovision
581, breakbeat
582, deep turkish pop
583, j-dance
584, alternative ccm
585, polynesian pop
586, german punk
587, riddim
588, finnish metal
589, brazilian punk
590, welsh rock
591, australian country
592, glitch
593, japanese r&b
594, future funk
595, j-rap
596, reading
597, italian indie pop
598, rock steady
599, portland indie
600, folk metal
601, bluegrass
602, fluxwork
603, technical death metal
604, dutch rock
605, uk drill
606, canadian country
607, christian metal
608, grave wave
609, stomp and flutter
610, hardcore techno
611, neo-singer-songwriter
612, discofox
613, float house
614, russian pop
615, electro jazz
616, kiwi rock
617, alternative pop
618, deep uplifting trance
619, slow game
620, no wave
621, turkish hip hop
622, hard alternative
623, scottish rock
624, doom metal
625, black metal
626, folklore argentino
627, progressive uplifting trance
628, deep norteno
629, cuban rumba
630, j-metal
631, neurofunk
632, post-metal
633, dark jazz
634, polish hip hop
635, chicago indie
636, strut
637, modern performance
638, ectofolk
639, jungle
640, classic italian pop
641, nasheed
642, pop flamenco
643, belgian rock
644, austindie
645, peruvian rock
646, italo dance
647, deathgrind
648, jump up
649, techno
650, symphonic black metal
651, pagan black metal
652, british alternative rock
653, kirtan
654, orgcore
655, malaysian pop
656, christian dance
657, idol
658, irish folk
659, new tribe
660, brega
661, western swing
662, post-doom metal
663, drift
664, medieval rock
665, bay area indie
666, dark wave
667, carnaval
668, happy hardcore
669, rap chileno
670, puerto rican rock
671, portuguese rock
672, dubstep
673, new orleans jazz
674, soca
675, russian rock
676, classic finnish pop
677, seattle indie
678, electrofox
679, chamame
680, spanish noise pop
681, ambeat
682, albuquerque indie
683, austropop
684, italian disco
685, arab pop
686, italian pop rock
687, hardcore
688, gbvfi
689, soul flow
690, harmonica blues
691, math pop
692, baile funk
693, brutal death metal
694, progressive deathcore
695, medieval
696, salsa international
697, melodipop
698, celtic punk
699, british indie rock
700, quebecois
701, grindcore
702, psychedelic trance
703, ethereal wave
704, outsider house
705, chicago house
706, math rock
707, garage pop
708, romantico
709, efi
710, ebm
711, rock catala
712, psychedelic doom
713, freestyle
714, mexican rock-and-roll
715, balearic
716, colombian rock
717, laiko
718, nintendocore
719, twee pop
720, japanese city pop
721, deep minimal techno
722, barnmusik
723, classic russian rock
724, classic finnish rock
725, indie dream pop
726, bmore
727, ska revival
728, avantgarde metal
729, entehno
730, african gospel
731, avant-garde jazz
732, mande pop
733, world fusion
734, nordic house
735, nu age
736, brazilian ccm
737, drill and bass
738, warm drone
739, polish punk
740, straight edge
741, free jazz
742, swedish hard rock
743, deep comedy
744, acid house
745, post-post-hardcore
746, ye ye
747, electro-industrial
748, turbo folk
749, chaotic hardcore
750, funky tech house
751, mashup
752, speed garage
753, destroy techno
754, gothic rock
755, canterbury scene
756, sertanejo tradicional
757, dansktop
758, bassline
759, oi
760, j-idol
761, nursery
762, deep latin christian
763, african rock
764, gypsy jazz
765, k-indie
766, christian hardcore
767, singaporean pop
768, romanian pop
769, retro metal
770, emo punk
771, classic garage rock
772, surf music
773, kindermusik
774, classic chinese pop
775, substep
776, kraut rock
777, world meditation
778, argentine indie
779, futurepop
780, laboratorio
781, tango
782, classical performance
783, vancouver indie
784, mandible
785, russiavision
786, slovak pop
787, steampunk
788, fado
789, old-time
790, chill lounge
791, bhangra
792, volksmusik
793, freakbeat
794, christian punk
795, norwegian metal
796, hawaiian
797, cello
798, dixieland
799, psychobilly
800, canzone napoletana
801, punjabi
802, danish hip hop
803, horror punk
804, alternative roots rock
805, orchestral
806, atmospheric black metal
807, musica para ninos
808, zouk riddim
809, uk hip hop
810, comedy rock
811, athens indie
812, gabba
813, latin electronica
814, early music
815, turkish alternative
816, drone metal
817, kabarett
818, deep talent show
819, classical piano
820, j-poprock
821, swedish reggae
822, choro
823, psychill
824, columbus ohio indie
825, progressive psytrance
826, venezuelan rock
827, persian pop
828, italian metal
829, theme
830, detroit techno
831, neo-trad metal
832, jazz trio
833, russian hip hop
834, deep latin alternative
835, p funk
836, czech rock
837, abstract beats
838, hungarian rock
839, israeli rock
840, ballroom
841, swedish jazz
842, aggrotech
843, electro bailando
844, deep indian pop
845, praise
846, kizomba
847, power-pop punk
848, bubble trance
849, ok indie
850, progressive trance house
851, neo-progressive
852, avant-garde
853, vintage italian soundtrack
854, hungarian pop
855, swedish punk
856, dub techno
857, black thrash
858, choral
859, voidgaze
860, tribal house
861, popgaze
862, indie psych-pop
863, visual kei
864, anime score
865, melodic hard rock
866, power blues-rock
867, andean
868, dark cabaret
869, shimmer psych
870, french movie tunes
871, goregrind
872, deep pop punk
873, exotica
874, classic colombian pop
875, barnemusikk
876, basque rock
877, mizrahi
878, rai
879, czech folk
880, folkmusik
881, classic turkish pop
882, horrorcore
883, perth indie
884, deep chill
885, renaissance
886, j-indie
887, fidget house
888, deep melodic metalcore
889, violin
890, nu skool breaks
891, christelijk
892, highlife
893, string quartet
894, timba
895, chiptune
896, belly dance
897, zouk
898, vintage swedish pop
899, brass band
900, russian punk
901, kids dance party
902, classic peruvian pop
903, acid techno
904, southern gospel
905, sega
906, lds
907, vienna indie
908, turkish classical
909, mod revival
910, neue deutsche welle
911, deep liquid
912, spanish reggae
913, norwegian gospel
914, digital hardcore
915, deep soul house
916, albanian pop
917, c
918, french folk pop
919, bouncy house
920, girl group
921, classic icelandic pop
922, polish reggae
923, thai idol
924, swiss rock
925, hip hop tuga
926, college a cappella
927, instrumental post rock
928, irish country
929, dominican pop
930, native american
931, uk dub
932, southern soul blues
933, bounce
934, jazz bass
935, rio de la plata
936, hauntology
937, catalan folk
938, nordic folk
939, miami bass
940, arab folk
941, yugoslav rock
942, ambient idm
943, swamp pop
944, classic belgian pop
945, beats
946, classic polish pop
947, spanish folk
948, vintage french electronic
949, riot grrrl
950, free improvisation
951, hip hop quebecois
952, shibuya-kei
953, garage punk
954, pakistani pop
955, harpsichord
956, tin pan alley
957, musica nativista
958, classical guitar
959, appalachian folk
960, deep christian rock
961, morna
962, thai pop
963, desert blues
964, cante flamenco
965, new age piano
966, samba-enredo
967, polish indie
968, vintage tango
969, balkan brass
970, thrash core
971, italian jazz
972, atmospheric post rock
973, estonian pop
974, chanson quebecois
975, croatian pop
976, soukous
977, qawwali
978, boogie-woogie
979, brazilian composition
980, czech hip hop
981, modern uplift
982, serialism
983, disco polo
984, stomp and whittle
985, neo-rockabilly
986, hiplife
987, workout
988, deep tech house
989, karneval
990, underground latin hip hop
991, kompa
992, electropunk
993, melodic power metal
994, drumfunk
995, metal guitar
996, portuguese pop
997, tico
998, finnish indie
999, ecuadoria
1000, electronica
1001, cyber metal
1002, german oi
1003, full on
1004, kwaito house
1005, vietnamese pop
1006, vocaloid
1007, heavy alternative
1008, outsider
1009, deep flow
1010, irish indie
1011, gothic alternative
1012, jumpstyle
1013, k-rock
1014, crust punk
1015, psych gaze
1016, fake
1017, german show tunes
1018, brutal deathcore
1019, orquesta tropical
1020, ethiopian pop
1021, blackgaze
1022, calypso
1023, slovak hip hop
1024, mbalax
1025, grunge pop
1026, beatdown
1027, rosary
1028, composition d
1029, latvian pop
1030, j-ambient
1031, traditional rock ‘n roll
1032, rva indie
1033, dark black metal
1034, alternative americana
1035, deep acoustic pop
1036, classic venezuelan pop
1037, witch house
1038, orquesta tipica
1039, austrian hip hop
1040, concert piano
1041, electro dub
1042, ragtime
1043, louisville indie
1044, drone folk
1045, canadian hip hop
1046, lounge house
1047, hungarian hip hop
1048, ukrainian rock
1049, neofolk
1050, world chill
1051, traditional ska
1052, denver indie
1053, deep smooth jazz
1054, anarcho-punk
1055, oshare kei
1056, yoik
1057, leeds indie
1058, geek rock
1059, indie emo
1060, funk carioca
1061, abstract
1062, traditional british folk
1063, dirty texas rap
1064, judaica
1065, japanese psychedelic
1066, classic czech pop
1067, deep dance pop
1068, broken beat
1069, deep rai
1070, lithumania
1071, hard minimal techno
1072, lo star
1073, modern southern rock
1074, neo-synthpop
1075, nwothm
1076, zouglou
1077, makossa
1078, footwork
1079, zillertal
1080, acousmatic
1081, mexican son
1082, ukulele
1083, deep gothic post-punk
1084, deep soundtrack
1085, swiss hip hop
1086, deep neofolk
1087, tone
1088, ghazal
1089, deep contemporary country
1090, psychedelic blues-rock
1091, musiikkia lapsille
1092, semba
1093, deep adult standards
1094, islamic recitation
1095, blaskapelle
1096, guidance
1097, kurdish folk
1098, tribute
1099, atmospheric post-metal
1100, darkstep
1101, vegan straight edge
1102, nerdcore
1103, new beat
1104, crack rock steady
1105, swedish prog
1106, danish indie
1107, belgian indie
1108, slavic metal
1109, classic soundtrack
1110, slc indie
1111, classic french pop
1112, kayokyoku
1113, electro trash
1114, traditional swing
1115, garage punk blues
1116, deep german punk
1117, deep discofox
1118, indian classical
1119, classic afrobeat
1120, black death
1121, dark hardcore
1122, minimal wave
1123, zydeco
1124, downtempo fusion
1125, jazz brass
1126, australian indie
1127, underground power pop
1128, gothic americana
1129, traditional scottish folk
1130, classic dutch pop
1131, nl folk
1132, didgeridoo
1133, schranz
1134, funky breaks
1135, motivation
1136, indie singer-songwriter
1137, spanish invasion
1138, euroska
1139, ragga jungle
1140, breakcore
1141, library music
1142, deep psychobilly
1143, michigan indie
1144, chalga
1145, electronicore
1146, corrosion
1147, south african jazz
1148, usbm
1149, solipsynthm
1150, progressive alternative
1151, neurostep
1152, deep brazilian pop
1153, deep orchestral
1154, deep melodic hard rock
1155, string folk
1156, dark ambient
1157, mallet
1158, deep disco
1159, power violence
1160, contemporary composition
1161, fast melodic punk
1162, finnish hardcore
1163, martial industrial
1164, classic russian pop
1165, hindustani classical
1166, enka
1167, russian alternative
1168, minimal melodic techno
1169, beach music
1170, japanese jazztronica
1171, neo metal
1172, rebetiko
1173, future ambient
1174, tzadik
1175, kwaito
1176, liturgical
1177, abstract idm
1178, ostrock
1179, gospel reggae
1180, faroese pop
1181, musica per bambini
1182, melodic progressive metal
1183, monastic
1184, scratch
1185, ambient psychill
1186, string band
1187, french punk
1188, panpipe
1189, afrikaans
1190, japanoise
1191, power electronics
1192, byzantine
1193, russian folk
1194, gamecore
1195, rap metalcore
1196, traditional soul
1197, coupe decale
1198, musique pour enfants
1199, consort
1200, bass trip
1201, porro
1202, norwegian jazz
1203, italian progressive rock
1204, galego
1205, hard house
1206, bossa nova jazz
1207, spanish classical
1208, classic schlager
1209, nz indie
1210, slam death metal
1211, bemani
1212, manele
1213, deep opera
1214, deep progressive trance
1215, deep liquid bass
1216, magyar
1217, german ccm
1218, deep ambient
1219, polyphony
1220, deep soft rock
1221, iskelma
1222, bay area hip hop
1223, wind ensemble
1224, shanty
1225, military band
1226, romanian rock
1227, luk thung
1228, greek indie
1229, funeral doom
1230, flick hop
1231, chaotic black metal
1232, deep folk metal
1233, armenian folk
1234, skinhead reggae
1235, tekno
1236, italian folk
1237, screamocore
1238, marching band
1239, indie fuzzpop
1240, persian traditional
1241, neo-pagan
1242, dark psytrance
1243, african percussion
1244, go-go
1245, spoken word
1246, breton folk
1247, vapor house
1248, depressive black metal
1249, minimal dubstep
1250, jig and reel
1251, deep canadian indie
1252, experimental psych
1253, deep sunset lounge
1254, indie shoegaze
1255, vintage chanson
1256, harp
1257, swedish pop punk
1258, indorock
1259, punta
1260, kuduro
1261, thrash-groove metal
1262, doujin
1263, cornetas y tambores
1264, accordion
1265, pipe band
1266, ghettotech
1267, corsican folk
1268, speedcore
1269, outer hip hop
1270, jazz orchestra
1271, danish jazz
1272, trash rock
1273, indie pop rock
1274, jug band
1275, remix
1276, benga
1277, neo-industrial rock
1278, west african jazz
1279, nepali
1280, hebrew pop
1281, bulgarian rock
1282, geek folk
1283, deep darkpsy
1284, deep happy hardcore
1285, blues-rock guitar
1286, klezmer
1287, triangle indie
1288, black sludge
1289, deep german indie
1290, barbershop
1291, greek hip hop
1292, brass ensemble
1293, j-core
1294, dark minimal techno
1295, screamo punk
1296, cumbia funk
1297, greek house
1298, zim
1299, technical brutal death metal
1300, ambient fusion
1301, deep jazz guitar
1302, italian punk
1303, british dance band
1304, hard glam
1305, chinese traditional
1306, commons
1307, dallas indie
1308, light music
1309, deep deep house
1310, northern irish indie
1311, sinhala
1312, j-reggae
1313, gospel blues
1314, power noise
1315, abstractro
1316, throat singing
1317, street punk
1318, capoeira
1319, post-disco soul
1320, drama
1321, deep vocal house
1322, deep vocal jazz
1323, vintage jazz
1324, deep melodic death metal
1325, deep indie singer-songwriter
1326, mantra
1327, british brass band
1328, contemporary folk
1329, chinese indie rock
1330, finnish jazz
1331, deep psytrance
1332, soda pop
1333, unblack metal
1334, traditional funk
1335, fussball
1336, deep ragga
1337, deep new wave
1338, covertrance
1339, deep full on
1340, deep southern soul
1341, steelpan
1342, cajun
1343, stl indie
1344, japanese traditional
1345, poetry
1346, dubsteppe
1347, carnatic
1348, makina
1349, deep indie pop
1350, classic eurovision
1351, noise punk
1352, slash punk
1353, spanish indie rock
1354, c
1355, college marching band
1356, muziek voor kinderen
1357, grisly death metal
1358, gothic post-punk
1359, musique concrete
1360, chamber choir
1361, oratory
1362, hardcore breaks
1363, deep east coast hip hop
1364, deep funk house
1365, mexican traditional
1366, classical organ
1367, classical flute
1368, fallen angel
1369, skiffle
1370, sunset lounge
1371, organic ambient
1372, bangla
1373, belorush
1374, deep indie rock
1375, traditional reggae
1376, spytrack
1377, early music ensemble
1378, polka
1379, deep freestyle
1380, neo soul-jazz
1381, deep progressive house
1382, contemporary classical
1383, electroacoustic improvisation
1384, traditional rockabilly
1385, halloween
1386, clarinet
1387, deep jazz piano
1388, deep jazz fusion
1389, indian rock
1390, deep downtempo fusion
1391, crossover prog
1392, deep classic garage rock
1393, experimental dubstep
1394, dubstep product
1395, football
1396, glitch beats
1397, skinhead oi
1398, polish jazz
1399, villancicos
1400, deep chill-out
1401, deep g funk
1402, classic psychedelic rock
1403, punk ska
1404, deep filthstep
1405, deep nordic folk
1406, skweee
1407, deep northern soul
1408, deep pop emo
1409, deep hardcore
1410, goa trance
1411, deep surf music
1412, klapa
1413, baroque ensemble
1414, gamelan
1415, deep swedish rock
1416, deep thrash metal
1417, deep italo disco
1418, hatecore
1419, demoscene
1420, raw black metal
1421, hard stoner rock
1422, norwegian punk
1423, slovenian rock
1424, wrock
1425, dark progressive house
1426, accordeon
1427, re:techno
1428, ambient dub techno
1429, neo honky tonk
1430, maghreb
1431, charred death
1432, chill groove
1433, breaks
1434, kc indie
1435, modern downshift
1436, vintage swing
1437, guitar case
1438, tibetan
1439, deep punk rock
1440, noise
1441, deep free jazz
1442, deep motown
1443, j-punk
1444, tanzlmusi
1445, italo beats
1446, glitter trance
1447, malagasy folk
1448, lowercase
1449, chill-out trance
1450, new jack smooth
1451, deep nz indie
1452, twin cities indie
1453, deep eurodance
1454, deep power-pop punk
1455, grim death metal
1456, alternative hardcore
1457, deep dub techno
1458, j-poppunk
1459, deep space rock
1460, deep cello
1461, vintage rockabilly
1462, chinese experimental
1463, terrorcore
1464, zeuhl
1465, doomcore
1466, chinese opera
1467, indie emo rock
1468, french folk
1469, jangle rock
1470, german street punk
1471, nu electro
1472, deep hardcore punk
1473, rhythm and boogie
1474, alternative metalcore
1475, ceilidh
1476, bulgarian folk
1477, modern free jazz
1478, thai indie
1479, deep neo-synthpop
1480, heavy gothic rock
1481, ghoststep
1482, jazz composition
1483, cryptic black metal
1484, deep classical piano
1485, ethereal gothic
1486, deep orgcore
1487, vintage schlager
1488, swedish jazz orkester
1489, song poem
1490, vintage country folk
1491, gothic doom
1492, vintage gospel
1493, chip hop
1494, deep delta blues
1495, deep german jazz
1496, twee indie pop
1497, dark electro-industrial
1498, neo-traditional country
1499, cinematic dubstep
1500, deep symphonic black metal
1501, saxophone
1502, deep breakcore
1503, anime cv
1504, caucasian folk
1505, necrogrind
1506, deep latin jazz
1507, smooth urban r&b
1508, vintage swoon
1509, central asian folk
1510, vintage reggae
1511, drone psych
1512, deep deep tech house
1513, vintage western
1514, rock noise
1515, deep string quartet
